date,meantemp
2013-01-01,10
2013-01-02,7.4
2013-01-03,7.16666666666667
2013-01-04,8.66666666666667
2013-01-05,6
2013-01-06,7
2013-01-07,7
2013-01-08,8.85714285714286
2013-01-09,14
2013-01-10,11
2013-01-11,15.7142857142857
2013-01-12,14
2013-01-13,15.8333333333333
2013-01-14,12.8333333333333
2013-01-15,14.7142857142857
2013-01-16,13.8333333333333
2013-01-17,16.5
2013-01-18,13.8333333333333
2013-01-19,12.5
2013-01-20,11.2857142857143
2013-01-21,11.2
2013-01-22,9.5
2013-01-23,14
2013-01-24,13.8333333333333
2013-01-25,12.25
2013-01-26,12.6666666666667
2013-01-27,12.8571428571429
2013-01-28,14.8333333333333
2013-01-29,14.125
2013-01-30,14.7142857142857
2013-01-31,16.2
2013-02-01,16
2013-02-02,16.2857142857143
2013-02-03,18
2013-02-04,17.4285714285714
2013-02-05,16.625
2013-02-06,16.6666666666667
2013-02-07,15.6
2013-02-08,14
2013-02-09,15.4285714285714
2013-02-10,15.25
2013-02-11,15.875
2013-02-12,15.3333333333333
2013-02-13,16.2857142857143
2013-02-14,17.3333333333333
2013-02-15,19.1666666666667
2013-02-16,14.4285714285714
2013-02-17,13.6666666666667
2013-02-18,15.6
2013-02-19,15.8571428571429
2013-02-20,17.7142857142857
2013-02-21,20
2013-02-22,20.5
2013-02-23,17.4285714285714
2013-02-24,16.8571428571429
2013-02-25,16.875
2013-02-26,17.8571428571429
2013-02-27,20.8
2013-02-28,19.4285714285714
2013-03-01,17.3333333333333
2013-03-02,19
2013-03-03,19.3333333333333
2013-03-04,17.6
2013-03-05,20.875
2013-03-06,20.8571428571429
2013-03-07,23.4285714285714
2013-03-08,24.1666666666667
2013-03-09,25.4285714285714
2013-03-10,23.1428571428571
2013-03-11,24
2013-03-12,23.5
2013-03-13,21.5
2013-03-14,22.3333333333333
2013-03-15,24.1666666666667
2013-03-16,20.3333333333333
2013-03-17,22.6666666666667
2013-03-18,23.4285714285714
2013-03-19,22.5
2013-03-20,29.1666666666667
2013-03-21,23.8333333333333
2013-03-22,25.25
2013-03-23,27.375
2013-03-24,27
2013-03-25,23.5
2013-03-26,24.1428571428571
2013-03-27,21
2013-03-28,22.4285714285714
2013-03-29,21.25
2013-03-30,23.5
2013-03-31,23.2
2013-04-01,25.375
2013-04-02,25.1666666666667
2013-04-03,26.2
2013-04-04,24.6
2013-04-05,25.6
2013-04-06,25.8571428571429
2013-04-07,29.1428571428571
2013-04-08,28.7142857142857
2013-04-09,30.1666666666667
2013-04-10,30
2013-04-11,30
2013-04-12,28.8571428571429
2013-04-13,30.2
2013-04-14,28.25
2013-04-15,28.25
2013-04-16,32.125
2013-04-17,29.2
2013-04-18,30.2857142857143
2013-04-19,28.2857142857143
2013-04-20,30.625
2013-04-21,27.6666666666667
2013-04-22,27.375
2013-04-23,28.625
2013-04-24,30.2857142857143
2013-04-25,31.1428571428571
2013-04-26,29.875
2013-04-27,31.1428571428571
2013-04-28,30.5714285714286
2013-04-29,32.125
2013-04-30,31.1428571428571
2013-05-01,31.8571428571429
2013-05-02,29.8333333333333
2013-05-03,28.5714285714286
2013-05-04,32.8571428571429
2013-05-05,32.625
2013-05-06,32.75
2013-05-07,32.875
2013-05-08,34.5
2013-05-09,34.2857142857143
2013-05-10,34
2013-05-11,30.75
2013-05-12,29.8571428571429
2013-05-13,31.7142857142857
2013-05-14,32.2857142857143
2013-05-15,33
2013-05-16,33
2013-05-17,32.8333333333333
2013-05-18,31.4
2013-05-19,35.3333333333333
2013-05-20,36.4
2013-05-21,36
2013-05-22,36.75
2013-05-23,37.5
2013-05-24,38.4285714285714
2013-05-25,38.7142857142857
2013-05-26,37.8
2013-05-27,35.8571428571429
2013-05-28,35.3333333333333
2013-05-29,34.1428571428571
2013-05-30,32.2
2013-05-31,33.625
2013-06-01,32
2013-06-02,32.4
2013-06-03,35.6
2013-06-04,35.8571428571429
2013-06-05,37.1666666666667
2013-06-06,31.2857142857143
2013-06-07,34
2013-06-08,34.2
2013-06-09,36.1666666666667
2013-06-10,36.625
2013-06-11,30.1666666666667
2013-06-12,34.1428571428571
2013-06-13,29.8333333333333
2013-06-14,30.1428571428571
2013-06-15,30.7142857142857
2013-06-16,27
2013-06-17,26.875
2013-06-18,28.4
2013-06-19,29.8571428571429
2013-06-20,33
2013-06-21,34.8333333333333
2013-06-22,35.6
2013-06-23,35.1666666666667
2013-06-24,33.1428571428571
2013-06-25,30.5714285714286
2013-06-26,30.6666666666667
2013-06-27,31.4285714285714
2013-06-28,31.5
2013-06-29,33.25
2013-06-30,32.8333333333333
2013-07-01,33.8571428571429
2013-07-02,33.1428571428571
2013-07-03,31.5714285714286
2013-07-04,32.375
2013-07-05,32.8
2013-07-06,31
2013-07-07,31.1666666666667
2013-07-08,29.8333333333333
2013-07-09,29
2013-07-10,29.75
2013-07-11,32.5
2013-07-12,28.875
2013-07-13,31.75
2013-07-14,30.75
2013-07-15,31.75
2013-07-16,29.875
2013-07-17,31.125
2013-07-18,31.75
2013-07-19,30.5
2013-07-20,26.8333333333333
2013-07-21,28.2
2013-07-22,29.5
2013-07-23,31.8571428571429
2013-07-24,29.7142857142857
2013-07-25,28.3333333333333
2013-07-26,30
2013-07-27,30.1428571428571
2013-07-28,32.2857142857143
2013-07-29,31
2013-07-30,30.5
2013-07-31,28.8333333333333
2013-08-01,30
2013-08-02,31.5714285714286
2013-08-03,32.5
2013-08-04,32.5
2013-08-05,29.5
2013-08-06,27.1666666666667
2013-08-07,28.375
2013-08-08,28.5
2013-08-09,27.1666666666667
2013-08-10,29.4285714285714
2013-08-11,30
2013-08-12,29.5
2013-08-13,30.75
2013-08-14,29.6666666666667
2013-08-15,27.7142857142857
2013-08-16,26.6
2013-08-17,27.4285714285714
2013-08-18,28.3333333333333
2013-08-19,28.1666666666667
2013-08-20,27.375
2013-08-21,28.3333333333333
2013-08-22,29.1666666666667
2013-08-23,31.2857142857143
2013-08-24,32
2013-08-25,29
2013-08-26,32
2013-08-27,32.1428571428571
2013-08-28,30.1428571428571
2013-08-29,31.5
2013-08-30,29.1666666666667
2013-08-31,29
2013-09-01,30
2013-09-02,31.8571428571429
2013-09-03,32.75
2013-09-04,31.7142857142857
2013-09-05,31.6666666666667
2013-09-06,30.5714285714286
2013-09-07,30.8333333333333
2013-09-08,28
2013-09-09,31
2013-09-10,29.6666666666667
2013-09-11,30.8571428571429
2013-09-12,31.1666666666667
2013-09-13,31.1428571428571
2013-09-14,30.5
2013-09-15,31.625
2013-09-16,29.6666666666667
2013-09-17,29.25
2013-09-18,29.1428571428571
2013-09-19,29.8
2013-09-20,28.6666666666667
2013-09-21,25.2
2013-09-22,28.3333333333333
2013-09-23,30.2857142857143
2013-09-24,30.75
2013-09-25,28.5714285714286
2013-09-26,28.2
2013-09-27,29
2013-09-28,30
2013-09-29,28.1428571428571
2013-09-30,26.8571428571429
2013-10-01,28.2857142857143
2013-10-02,29.2
2013-10-03,28.6
2013-10-04,24.8333333333333
2013-10-05,28.5
2013-10-06,29.75
2013-10-07,29.7142857142857
2013-10-08,29.2
2013-10-09,30.8333333333333
2013-10-10,29.4285714285714
2013-10-11,23.8571428571429
2013-10-12,26.1428571428571
2013-10-13,27.1666666666667
2013-10-14,27.7142857142857
2013-10-15,25.8571428571429
2013-10-16,26.4285714285714
2013-10-17,26.8571428571429
2013-10-18,26.3333333333333
2013-10-19,24.5714285714286
2013-10-20,24.3333333333333
2013-10-21,24.875
2013-10-22,27.8
2013-10-23,25
2013-10-24,23.8571428571429
2013-10-25,22.8
2013-10-26,23
2013-10-27,22.875
2013-10-28,22.6666666666667
2013-10-29,23
2013-10-30,22.8571428571429
2013-10-31,23.6666666666667
2013-11-01,23.4285714285714
2013-11-02,21.625
2013-11-03,20.625
2013-11-04,21.1666666666667
2013-11-05,18.8333333333333
2013-11-06,20.5714285714286
2013-11-07,20.1428571428571
2013-11-08,18
2013-11-09,19.8571428571429
2013-11-10,16.8333333333333
2013-11-11,18.8571428571429
2013-11-12,16.5714285714286
2013-11-13,17.75
2013-11-14,17.625
2013-11-15,17
2013-11-16,16.625
2013-11-17,15.5714285714286
2013-11-18,18.5
2013-11-19,17.875
2013-11-20,18.25
2013-11-21,17.875
2013-11-22,17.625
2013-11-23,18.1428571428571
2013-11-24,19.125
2013-11-25,21.25
2013-11-26,21.25
2013-11-27,19.125
2013-11-28,18.625
2013-11-29,17.75
2013-11-30,17.875
2013-12-01,18
2013-12-02,17.25
2013-12-03,17.5
2013-12-04,17.1428571428571
2013-12-05,17.1428571428571
2013-12-06,16.125
2013-12-07,16
2013-12-08,16.5
2013-12-09,16.125
2013-12-10,15.5
2013-12-11,16.625
2013-12-12,17.75
2013-12-13,17.1428571428571
2013-12-14,16.1428571428571
2013-12-15,15.5
2013-12-16,15.25
2013-12-17,14.75
2013-12-18,14.875
2013-12-19,16.125
2013-12-20,15.375
2013-12-21,14.75
2013-12-22,15.25
2013-12-23,14.25
2013-12-24,13.5
2013-12-25,13.6666666666667
2013-12-26,12.125
2013-12-27,11.875
2013-12-28,10.875
2013-12-29,10.5714285714286
2013-12-30,12.375
2013-12-31,14.5
2014-01-01,13.375
2014-01-02,11
2014-01-03,12.5
2014-01-04,12.875
2014-01-05,12.375
2014-01-06,11.4285714285714
2014-01-07,12.1428571428571
2014-01-08,11.875
2014-01-09,12.8333333333333
2014-01-10,12.375
2014-01-11,12.125
2014-01-12,12.875
2014-01-13,14
2014-01-14,14.875
2014-01-15,12
2014-01-16,12.2857142857143
2014-01-17,12
2014-01-18,12.5
2014-01-19,14.5
2014-01-20,14.625
2014-01-21,13.5714285714286
2014-01-22,15.25
2014-01-23,15.625
2014-01-24,13.875
2014-01-25,11.75
2014-01-26,14.375
2014-01-27,16.625
2014-01-28,16.625
2014-01-29,14.875
2014-01-30,14.5
2014-01-31,14.75
2014-02-01,14
2014-02-02,15.25
2014-02-03,18.4285714285714
2014-02-04,18.8571428571429
2014-02-05,17
2014-02-06,18.5
2014-02-07,19.625
2014-02-08,13.625
2014-02-09,12.875
2014-02-10,12.625
2014-02-11,13.375
2014-02-12,13.25
2014-02-13,15.25
2014-02-14,13
2014-02-15,12.375
2014-02-16,13.5
2014-02-17,15.125
2014-02-18,15.25
2014-02-19,15.125
2014-02-20,16.125
2014-02-21,17.125
2014-02-22,16.625
2014-02-23,16.5
2014-02-24,16.375
2014-02-25,18.125
2014-02-26,18.75
2014-02-27,18.625
2014-02-28,15.625
2014-03-01,16.1428571428571
2014-03-02,16.125
2014-03-03,17.875
2014-03-04,18.75
2014-03-05,18.875
2014-03-06,18.375
2014-03-07,18.5
2014-03-08,19.875
2014-03-09,22
2014-03-10,20
2014-03-11,20.7142857142857
2014-03-12,20
2014-03-13,19
2014-03-14,19.625
2014-03-15,21.625
2014-03-16,23.125
2014-03-17,26.25
2014-03-18,24.8571428571429
2014-03-19,21.75
2014-03-20,21.5
2014-03-21,22.5
2014-03-22,25
2014-03-23,22.75
2014-03-24,22.375
2014-03-25,24.625
2014-03-26,25.125
2014-03-27,23.5
2014-03-28,24.4285714285714
2014-03-29,25.875
2014-03-30,24.125
2014-03-31,24.125
2014-04-01,24.875
2014-04-02,26.75
2014-04-03,25
2014-04-04,25.8571428571429
2014-04-05,27.375
2014-04-06,30.125
2014-04-07,27.25
2014-04-08,25.75
2014-04-09,25.75
2014-04-10,26.375
2014-04-11,28.1428571428571
2014-04-12,29.125
2014-04-13,26.875
2014-04-14,27.625
2014-04-15,29
2014-04-16,27.125
2014-04-17,26.375
2014-04-18,24.25
2014-04-19,25.625
2014-04-20,27
2014-04-21,28
2014-04-22,29.375
2014-04-23,29.125
2014-04-24,29.375
2014-04-25,30.625
2014-04-26,31.5
2014-04-27,30.625
2014-04-28,31.5
2014-04-29,32.125
2014-04-30,33.25
2014-05-01,34.875
2014-05-02,34.375
2014-05-03,31.75
2014-05-04,31.875
2014-05-05,29.75
2014-05-06,29.5714285714286
2014-05-07,31.75
2014-05-08,31.375
2014-05-09,30.5
2014-05-10,30
2014-05-11,29.625
2014-05-12,28
2014-05-13,25.25
2014-05-14,26.875
2014-05-15,29.5
2014-05-16,31.125
2014-05-17,29.875
2014-05-18,31.5
2014-05-19,32.375
2014-05-20,31.125
2014-05-21,33
2014-05-22,33.25
2014-05-23,34.625
2014-05-24,31.5
2014-05-25,31.5
2014-05-26,30.125
2014-05-27,31.875
2014-05-28,33.625
2014-05-29,35.25
2014-05-30,33.125
2014-05-31,34.625
2014-06-01,32.75
2014-06-02,32.75
2014-06-03,34.875
2014-06-04,35.25
2014-06-05,36.875
2014-06-06,37.5
2014-06-07,38.5
2014-06-08,37.625
2014-06-09,37.875
2014-06-10,37.25
2014-06-11,37.625
2014-06-12,32.875
2014-06-13,30.25
2014-06-14,30.5
2014-06-15,33.875
2014-06-16,36.375
2014-06-17,36.875
2014-06-18,33.875
2014-06-19,35.75
2014-06-20,38
2014-06-21,36.875
2014-06-22,34.5
2014-06-23,32.125
2014-06-24,33
2014-06-25,32.25
2014-06-26,32.5
2014-06-27,34.75
2014-06-28,34.875
2014-06-29,33
2014-06-30,32
2014-07-01,31.375
2014-07-02,29.5
2014-07-03,28.875
2014-07-04,31.3888888888889
2014-07-05,34.7058823529412
2014-07-06,30.625
2014-07-07,34
2014-07-08,35
2014-07-09,36
2014-07-10,36.125
2014-07-11,36.625
2014-07-12,35.875
2014-07-13,31.625
2014-07-14,32.375
2014-07-15,33.125
2014-07-16,32.625
2014-07-17,30.75
2014-07-18,27.25
2014-07-19,29.875
2014-07-20,30.875
2014-07-21,32.125
2014-07-22,31.625
2014-07-23,30.625
2014-07-24,30.5
2014-07-25,30.75
2014-07-26,32.5
2014-07-27,31.7142857142857
2014-07-28,30
2014-07-29,30.25
2014-07-30,31.875
2014-07-31,32.5
2014-08-01,33.25
2014-08-02,30.125
2014-08-03,31.5
2014-08-04,30.5
2014-08-05,29.75
2014-08-06,32.125
2014-08-07,31.125
2014-08-08,31
2014-08-09,29.2352941176471
2014-08-10,28.5
2014-08-11,31.125
2014-08-12,32.125
2014-08-13,32.125
2014-08-14,30.375
2014-08-15,31.125
2014-08-16,30.4285714285714
2014-08-17,31.375
2014-08-18,31.875
2014-08-19,33
2014-08-20,33.25
2014-08-21,32.5
2014-08-22,33
2014-08-23,33.125
2014-08-24,33.125
2014-08-25,33.875
2014-08-26,34.125
2014-08-27,33.8571428571429
2014-08-28,29.625
2014-08-29,30.375
2014-08-30,28.625
2014-08-31,27.625
2014-09-01,29.4285714285714
2014-09-02,29.25
2014-09-03,28.625
2014-09-04,27.875
2014-09-05,26.5
2014-09-06,28.5
2014-09-07,31
2014-09-08,31.25
2014-09-09,31
2014-09-10,28.75
2014-09-11,26.5714285714286
2014-09-12,28.5
2014-09-13,29.375
2014-09-14,29.125
2014-09-15,29.625
2014-09-16,30.625
2014-09-17,30.625
2014-09-18,30.5
2014-09-19,31
2014-09-20,31.125
2014-09-21,30.5
2014-09-22,30.625
2014-09-23,31
2014-09-24,29.625
2014-09-25,30
2014-09-26,30
2014-09-27,30.5
2014-09-28,30.25
2014-09-29,30.5
2014-09-30,30.625
2014-10-01,30.4285714285714
2014-10-02,30.375
2014-10-03,30.5
2014-10-04,31
2014-10-05,30.625
2014-10-06,30.625
2014-10-07,31
2014-10-08,28.75
2014-10-09,27.625
2014-10-10,27.125
2014-10-11,25.7142857142857
2014-10-12,26
2014-10-13,27.625
2014-10-14,24.5
2014-10-15,24.5
2014-10-16,23
2014-10-17,25
2014-10-18,24
2014-10-19,23.75
2014-10-20,24.75
2014-10-21,25.625
2014-10-22,25.75
2014-10-23,25.25
2014-10-24,25.5
2014-10-25,25.25
2014-10-26,25.125
2014-10-27,24.875
2014-10-28,25.125
2014-10-29,24.75
2014-10-30,23.875
2014-10-31,23.375
2014-11-01,22.5
2014-11-02,22.875
2014-11-03,23.375
2014-11-04,23.625
2014-11-05,22.75
2014-11-06,23
2014-11-07,24
2014-11-08,23.875
2014-11-09,24.125
2014-11-10,21.375
2014-11-11,19.25
2014-11-12,19.625
2014-11-13,18.5
2014-11-14,18.375
2014-11-15,18.625
2014-11-16,18.25
2014-11-17,17.75
2014-11-18,17.625
2014-11-19,17.5
2014-11-20,20.375
2014-11-21,18.25
2014-11-22,19.875
2014-11-23,17.125
2014-11-24,16.875
2014-11-25,16.5
2014-11-26,19.625
2014-11-27,18.125
2014-11-28,19.375
2014-11-29,20.25
2014-11-30,19.75
2014-12-01,20
2014-12-02,21.375
2014-12-03,25
2014-12-04,21.25
2014-12-05,17.75
2014-12-06,18.25
2014-12-07,17.25
2014-12-08,17
2014-12-09,15.2857142857143
2014-12-10,21.5
2014-12-11,19.625
2014-12-12,17.5
2014-12-13,16
2014-12-14,16.875
2014-12-15,16.625
2014-12-16,17.75
2014-12-17,12.875
2014-12-18,11.75
2014-12-19,11.75
2014-12-20,11.25
2014-12-21,9.5
2014-12-22,9.375
2014-12-23,9.625
2014-12-24,9.875
2014-12-25,9.25
2014-12-26,10.75
2014-12-27,10.375
2014-12-28,9
2014-12-29,11.125
2014-12-30,11.625
2014-12-31,12.375
2015-01-01,14.75
2015-01-02,14.875
2015-01-03,15.125
2015-01-04,14.125
2015-01-05,14
2015-01-06,12
2015-01-07,9.625
2015-01-08,10
2015-01-09,10.625
2015-01-10,11.125
2015-01-11,11
2015-01-12,10.625
2015-01-13,12.25
2015-01-14,12
2015-01-15,12.375
2015-01-16,13
2015-01-17,13.5
2015-01-18,13
2015-01-19,13.75
2015-01-20,13.375
2015-01-21,13.25
2015-01-22,12.625
2015-01-23,14.625
2015-01-24,12.375
2015-01-25,13.25
2015-01-26,13.75
2015-01-27,13.25
2015-01-28,11.7142857142857
2015-01-29,11.5
2015-01-30,12.75
2015-01-31,13.75
2015-02-01,15
2015-02-02,17.375
2015-02-03,16.75
2015-02-04,14.625
2015-02-05,14.625
2015-02-06,15.125
2015-02-07,15.875
2015-02-08,16.625
2015-02-09,16.875
2015-02-10,15.75
2015-02-11,16
2015-02-12,15.5
2015-02-13,17.25
2015-02-14,19.375
2015-02-15,18.875
2015-02-16,20.625
2015-02-17,21.1428571428571
2015-02-18,21.25
2015-02-19,22.75
2015-02-20,22.75
2015-02-21,21.875
2015-02-22,22.1428571428571
2015-02-23,21.5
2015-02-24,22.875
2015-02-25,23.125
2015-02-26,20
2015-02-27,19.25
2015-02-28,21.25
2015-03-01,17.375
2015-03-02,17.5
2015-03-03,16.25
2015-03-04,16.75
2015-03-05,18.75
2015-03-06,20
2015-03-07,18.375
2015-03-08,19.5
2015-03-09,18.125
2015-03-10,17.75
2015-03-11,18.25
2015-03-12,20.5
2015-03-13,21.375
2015-03-14,21.5
2015-03-15,17.625
2015-03-16,19.8571428571429
2015-03-17,20.875
2015-03-18,20.25
2015-03-19,21.125
2015-03-20,22.5
2015-03-21,24.875
2015-03-22,25.125
2015-03-23,24.75
2015-03-24,25.75
2015-03-25,26.625
2015-03-26,28.5
2015-03-27,27.375
2015-03-28,27
2015-03-29,25
2015-03-30,23.5
2015-03-31,25.25
2015-04-01,26.4285714285714
2015-04-02,28.7142857142857
2015-04-03,24.5
2015-04-04,21
2015-04-05,23.5714285714286
2015-04-06,25
2015-04-07,23.75
2015-04-08,25.625
2015-04-09,26
2015-04-10,27.125
2015-04-11,28.25
2015-04-12,24.375
2015-04-13,24.75
2015-04-14,26.25
2015-04-15,27.625
2015-04-16,25.25
2015-04-17,28.125
2015-04-18,30.125
2015-04-19,32.125
2015-04-20,32.875
2015-04-21,31.75
2015-04-22,30.75
2015-04-23,30.75
2015-04-24,31.125
2015-04-25,30.5
2015-04-26,28.75
2015-04-27,30.125
2015-04-28,31
2015-04-29,31.25
2015-04-30,32.625
2015-05-01,31.25
2015-05-02,30.125
2015-05-03,31
2015-05-04,30.875
2015-05-05,32.125
2015-05-06,34.125
2015-05-07,35.4285714285714
2015-05-08,34.125
2015-05-09,35.125
2015-05-10,35.125
2015-05-11,34
2015-05-12,33.125
2015-05-13,27.75
2015-05-14,29.625
2015-05-15,28.5
2015-05-16,30
2015-05-17,33.25
2015-05-18,35.375
2015-05-19,31.5
2015-05-20,33.125
2015-05-21,35.625
2015-05-22,36.25
2015-05-23,37.375
2015-05-24,36
2015-05-25,37.75
2015-05-26,35.25
2015-05-27,33.75
2015-05-28,34.75
2015-05-29,35.125
2015-05-30,32.25
2015-05-31,34.25
2015-06-01,29.375
2015-06-02,31.625
2015-06-03,28.625
2015-06-04,31.875
2015-06-05,32.625
2015-06-06,33.375
2015-06-07,35
2015-06-08,36.5
2015-06-09,37.625
2015-06-10,36.625
2015-06-11,35.625
2015-06-12,35.875
2015-06-13,31.125
2015-06-14,27
2015-06-15,31
2015-06-16,32.375
2015-06-17,33.875
2015-06-18,35.125
2015-06-19,35.875
2015-06-20,33.125
2015-06-21,30.375
2015-06-22,32.125
2015-06-23,31.5
2015-06-24,37.25
2015-06-25,26.625
2015-06-26,31.125
2015-06-27,32.625
2015-06-28,34.25
2015-06-29,31.125
2015-06-30,30.875
2015-07-01,32
2015-07-02,33.75
2015-07-03,33
2015-07-04,34.125
2015-07-05,35.7142857142857
2015-07-06,27.875
2015-07-07,28.125
2015-07-08,31.25
2015-07-09,29.625
2015-07-10,26.625
2015-07-11,25.5
2015-07-12,25.5
2015-07-13,29.875
2015-07-14,30.875
2015-07-15,33.375
2015-07-16,31.75
2015-07-17,30.75
2015-07-18,29.5
2015-07-19,30.125
2015-07-20,29.125
2015-07-21,31.375
2015-07-22,32.25
2015-07-23,32.125
2015-07-24,32
2015-07-25,30.8571428571429
2015-07-26,30
2015-07-27,29.625
2015-07-28,29.5
2015-07-29,28.5
2015-07-30,29
2015-07-31,29
2015-08-01,28.25
2015-08-02,29.625
2015-08-03,31.5
2015-08-04,29.4285714285714
2015-08-05,29.59375
2015-08-06,29.5
2015-08-07,29.25
2015-08-08,28.875
2015-08-09,27.375
2015-08-10,30.375
2015-08-11,28.375
2015-08-12,30.75
2015-08-13,32
2015-08-14,30.875
2015-08-15,28.5
2015-08-16,28.625
2015-08-17,30.75
2015-08-18,29.125
2015-08-19,31.25
2015-08-20,30.75
2015-08-21,29.375
2015-08-22,30.25
2015-08-23,29.875
2015-08-24,30.75
2015-08-25,32
2015-08-26,32
2015-08-27,32.5
2015-08-28,32
2015-08-29,32.25
2015-08-30,32.625
2015-08-31,31.8571428571429
2015-09-01,32.125
2015-09-02,31.875
2015-09-03,31.625
2015-09-04,32
2015-09-05,30.875
2015-09-06,31.25
2015-09-07,31.5
2015-09-08,31.625
2015-09-09,31
2015-09-10,31.25
2015-09-11,30.75
2015-09-12,32.1428571428571
2015-09-13,32.125
2015-09-14,31.875
2015-09-15,33
2015-09-16,32.375
2015-09-17,31.375
2015-09-18,31
2015-09-19,30.625
2015-09-20,29.1428571428571
2015-09-21,30.125
2015-09-22,30.25
2015-09-23,28.625
2015-09-24,28.25
2015-09-25,28.5
2015-09-26,29.25
2015-09-27,28.7142857142857
2015-09-28,28.25
2015-09-29,29
2015-09-30,29
2015-10-01,28.125
2015-10-02,28.2857142857143
2015-10-03,30
2015-10-04,29
2015-10-05,28.875
2015-10-06,28.375
2015-10-07,28.625
2015-10-08,28.375
2015-10-09,28.5
2015-10-10,28.5
2015-10-11,28.5714285714286
2015-10-12,29.25
2015-10-13,29.5
2015-10-14,28.125
2015-10-15,27.5
2015-10-16,27.875
2015-10-17,28
2015-10-18,26.8571428571429
2015-10-19,28.1428571428571
2015-10-20,27.7142857142857
2015-10-21,26.5
2015-10-22,24.75
2015-10-23,24
2015-10-24,24.875
2015-10-25,26.375
2015-10-26,25.625
2015-10-27,24.75
2015-10-28,20.875
2015-10-29,22.125
2015-10-30,22.375
2015-10-31,22.375
2015-11-01,22.875
2015-11-02,23.375
2015-11-03,24
2015-11-04,23.75
2015-11-05,22.125
2015-11-06,22.875
2015-11-07,21.875
2015-11-08,21.875
2015-11-09,21.75
2015-11-10,22.75
2015-11-11,21.875
2015-11-12,21.875
2015-11-13,22.375
2015-11-14,22.375
2015-11-15,22.5
2015-11-16,21.875
2015-11-17,19.875
2015-11-18,18.5
2015-11-19,18.5
2015-11-20,18.5
2015-11-21,18.75
2015-11-22,18.625
2015-11-23,17
2015-11-24,18.5
2015-11-25,19.375
2015-11-26,20
2015-11-27,18.5
2015-11-28,18.75
2015-11-29,18.125
2015-11-30,19.5
2015-12-01,19.25
2015-12-02,18.125
2015-12-03,17.625
2015-12-04,17.625
2015-12-05,17.5
2015-12-06,17.125
2015-12-07,17.625
2015-12-08,18.4285714285714
2015-12-09,18.375
2015-12-10,19
2015-12-11,17.25
2015-12-12,13.25
2015-12-13,12.875
2015-12-14,13.25
2015-12-15,13.125
2015-12-16,13
2015-12-17,12.25
2015-12-18,12.875
2015-12-19,12.375
2015-12-20,11.75
2015-12-21,12.625
2015-12-22,12
2015-12-23,12.5
2015-12-24,11.25
2015-12-25,11.5
2015-12-26,12.75
2015-12-27,15.375
2015-12-28,17.125
2015-12-29,16.375
2015-12-30,15.5
2015-12-31,15
2016-01-01,14.7142857142857
2016-01-02,14
2016-01-03,14.375
2016-01-04,15.75
2016-01-05,15.8333333333333
2016-01-06,17.375
2016-01-07,17.125
2016-01-08,15.5
2016-01-09,15.8571428571429
2016-01-10,15.625
2016-01-11,15.75
2016-01-12,18
2016-01-13,18.2666666666667
2016-01-14,15.5625
2016-01-15,13
2016-01-16,13.6
2016-01-17,14
2016-01-18,13.2666666666667
2016-01-19,12.3571428571429
2016-01-20,12.0666666666667
2016-01-21,12.1875
2016-01-22,11.7333333333333
2016-01-23,14.4375
2016-01-24,11.1875
2016-01-25,11.6666666666667
2016-01-26,14.5625
2016-01-27,17.5833333333333
2016-01-28,16.8571428571429
2016-01-29,19.5625
2016-01-30,20.1428571428571
2016-01-31,17.375
2016-02-01,15.8461538461538
2016-02-02,15.2666666666667
2016-02-03,13.125
2016-02-04,16.3636363636364
2016-02-05,12.6666666666667
2016-02-06,15.3333333333333
2016-02-07,15.625
2016-02-08,17.0909090909091
2016-02-09,17.7692307692308
2016-02-10,18.1333333333333
2016-02-11,19.6875
2016-02-12,19.2
2016-02-13,17.0666666666667
2016-02-14,17.6428571428571
2016-02-15,17.6
2016-02-16,18.2142857142857
2016-02-17,18.7142857142857
2016-02-18,19.4666666666667
2016-02-19,23.1538461538462
2016-02-20,23.625
2016-02-21,21
2016-02-22,21
2016-02-23,21.4285714285714
2016-02-24,21.6875
2016-02-25,22.5625
2016-02-26,22.8
2016-02-27,22.8
2016-02-28,23
2016-02-29,23.875
2016-03-01,24.9166666666667
2016-03-02,24.9333333333333
2016-03-03,26
2016-03-04,27.3125
2016-03-05,23.9333333333333
2016-03-06,22.8125
2016-03-07,23.7142857142857
2016-03-08,23.4285714285714
2016-03-09,24
2016-03-10,25.5625
2016-03-11,25.0666666666667
2016-03-12,24.5625
2016-03-13,24.25
2016-03-14,22.375
2016-03-15,24.0666666666667
2016-03-16,23.9375
2016-03-17,26.3125
2016-03-18,26.1875
2016-03-19,26.7857142857143
2016-03-20,27.1333333333333
2016-03-21,26.625
2016-03-22,25.0625
2016-03-23,26.2
2016-03-24,28.1333333333333
2016-03-25,29.875
2016-03-26,24.6666666666667
2016-03-27,26.25
2016-03-28,25.9333333333333
2016-03-29,27.125
2016-03-30,29.5714285714286
2016-03-31,30
2016-04-01,30.5714285714286
2016-04-02,32.3125
2016-04-03,33.3125
2016-04-04,32.8125
2016-04-05,32.3125
2016-04-06,31.375
2016-04-07,29.9333333333333
2016-04-08,29.2666666666667
2016-04-09,30.7333333333333
2016-04-10,32.25
2016-04-11,29.8
2016-04-12,30.2
2016-04-13,31.75
2016-04-14,33.125
2016-04-15,33.625
2016-04-16,35.6875
2016-04-17,34.6666666666667
2016-04-18,34.625
2016-04-19,34
2016-04-20,34.0625
2016-04-21,34
2016-04-22,33.25
2016-04-23,31.9166666666667
2016-04-24,31.3125
2016-04-25,31.75
2016-04-26,33.4375
2016-04-27,33.125
2016-04-28,34.1538461538462
2016-04-29,34.0714285714286
2016-04-30,33.0625
2016-05-01,34.6875
2016-05-02,38
2016-05-03,35.5
2016-05-04,33.7142857142857
2016-05-05,30.6
2016-05-06,31.4375
2016-05-07,33.3125
2016-05-08,35.1333333333333
2016-05-09,33.5333333333333
2016-05-10,34
2016-05-11,32.5
2016-05-12,35.375
2016-05-13,37.2941176470588
2016-05-14,36.5625
2016-05-15,37.25
2016-05-16,37.2142857142857
2016-05-17,37.5
2016-05-18,37.75
2016-05-19,37.375
2016-05-20,37.4
2016-05-21,36.1333333333333
2016-05-22,36.8
2016-05-23,32.2142857142857
2016-05-24,31.5263157894737
2016-05-25,33.2173913043478
2016-05-26,35.2692307692308
2016-05-27,38.2727272727273
2016-05-28,36.0625
2016-05-29,31.5
2016-05-30,26.8125
2016-05-31,32.6428571428571
2016-06-01,36
2016-06-02,37.5625
2016-06-03,37.5625
2016-06-04,38.2
2016-06-05,36.1666666666667
2016-06-06,35.4285714285714
2016-06-07,34.625
2016-06-08,36.0714285714286
2016-06-09,35.7333333333333
2016-06-10,36.1333333333333
2016-06-11,33.4375
2016-06-12,35.5
2016-06-13,36
2016-06-14,32.625
2016-06-15,34.7333333333333
2016-06-16,33.5
2016-06-17,34.1875
2016-06-18,35.8571428571429
2016-06-19,35.625
2016-06-20,30.9375
2016-06-21,32.875
2016-06-22,33.125
2016-06-23,33.8461538461538
2016-06-24,36.4375
2016-06-25,35.4285714285714
2016-06-26,34.8666666666667
2016-06-27,34.3125
2016-06-28,30.7857142857143
2016-06-29,35.375
2016-06-30,35.4666666666667
2016-07-01,32.125
2016-07-02,28.4
2016-07-03,29.5625
2016-07-04,30.6875
2016-07-05,33.25
2016-07-06,33.2666666666667
2016-07-07,33.5
2016-07-08,30.8
2016-07-09,33.25
2016-07-10,32.5625
2016-07-11,31.5
2016-07-12,30.5
2016-07-13,31.25
2016-07-14,30.4375
2016-07-15,31
2016-07-16,27.125
2016-07-17,28.125
2016-07-18,27.6666666666667
2016-07-19,32.3125
2016-07-20,34.1875
2016-07-21,34.1333333333333
2016-07-22,34.125
2016-07-23,31.875
2016-07-24,31.4375
2016-07-25,31.9375
2016-07-26,30.3125
2016-07-27,28.3125
2016-07-28,29.5333333333333
2016-07-29,27.375
2016-07-30,27.3333333333333
2016-07-31,29.2666666666667
2016-08-01,29.125
2016-08-02,30.6875
2016-08-03,32.5625
2016-08-04,33.1111111111111
2016-08-05,33.8
2016-08-06,30.0666666666667
2016-08-07,33.1176470588235
2016-08-08,33.8095238095238
2016-08-09,31.6153846153846
2016-08-10,32
2016-08-11,28.1071428571429
2016-08-12,29.0357142857143
2016-08-13,30.3214285714286
2016-08-14,28.9333333333333
2016-08-15,31.6785714285714
2016-08-16,31.3333333333333
2016-08-17,29.9285714285714
2016-08-18,29.8888888888889
2016-08-19,32.0714285714286
2016-08-20,33.1851851851852
2016-08-21,31.5925925925926
2016-08-22,32.1851851851852
2016-08-23,31.48
2016-08-24,30.1785714285714
2016-08-25,31.52
2016-08-26,31.2222222222222
2016-08-27,31.7857142857143
2016-08-28,33.4
2016-08-29,29.5714285714286
2016-08-30,30.04
2016-08-31,27.2592592592593
2016-09-01,27.96
2016-09-02,30.7391304347826
2016-09-03,30.8947368421053
2016-09-04,31.6923076923077
2016-09-05,31.0769230769231
2016-09-06,30.375
2016-09-07,31.1
2016-09-08,31.9166666666667
2016-09-09,30.5555555555556
2016-09-10,31.2307692307692
2016-09-11,31
2016-09-12,31.6428571428571
2016-09-13,32.5333333333333
2016-09-14,30.8571428571429
2016-09-15,31.7272727272727
2016-09-16,31.4
2016-09-17,32.3076923076923
2016-09-18,32.25
2016-09-19,32.375
2016-09-20,33.4444444444444
2016-09-21,33.36
2016-09-22,30.037037037037
2016-09-23,31
2016-09-24,31.24
2016-09-25,31.1304347826087
2016-09-26,31.48
2016-09-27,32.1851851851852
2016-09-28,32.44
2016-09-29,32.2272727272727
2016-09-30,32.2142857142857
2016-10-01,32.5416666666667
2016-10-02,32.8148148148148
2016-10-03,33.2692307692308
2016-10-04,30.5555555555556
2016-10-05,28.8333333333333
2016-10-06,30.7037037037037
2016-10-07,30.96
2016-10-08,30.6
2016-10-09,30.92
2016-10-10,29.7777777777778
2016-10-11,29.6666666666667
2016-10-12,29.5714285714286
2016-10-13,29.962962962963
2016-10-14,29.75
2016-10-15,27.7407407407407
2016-10-16,28.4285714285714
2016-10-17,28.6
2016-10-18,28.5
2016-10-19,28.9259259259259
2016-10-20,29.0769230769231
2016-10-21,28.4090909090909
2016-10-22,29.3333333333333
2016-10-23,27.5
2016-10-24,28.5
2016-10-25,28.04
2016-10-26,27.5769230769231
2016-10-27,26.5555555555556
2016-10-28,25.5185185185185
2016-10-29,25.8148148148148
2016-10-30,24.8260869565217
2016-10-31,24.5384615384615
2016-11-01,24.3846153846154
2016-11-02,23.7272727272727
2016-11-03,25.64
2016-11-04,24.8148148148148
2016-11-05,23.1153846153846
2016-11-06,22.9259259259259
2016-11-07,24.5454545454545
2016-11-08,23.7307692307692
2016-11-09,23
2016-11-10,23.5185185185185
2016-11-11,23.92
2016-11-12,23.5384615384615
2016-11-13,24.2962962962963
2016-11-14,23.3461538461538
2016-11-15,22.24
2016-11-16,21.7692307692308
2016-11-17,21.7307692307692
2016-11-18,21.7307692307692
2016-11-19,20.6666666666667
2016-11-20,22.25
2016-11-21,21.5384615384615
2016-11-22,22.578947368421
2016-11-23,22.8260869565217
2016-11-24,21.4210526315789
2016-11-25,23.6
2016-11-26,24.2941176470588
2016-11-27,23.6363636363636
2016-11-28,22.4545454545455
2016-11-29,21.6111111111111
2016-11-30,19.8695652173913
2016-12-01,19.75
2016-12-02,19.2083333333333
2016-12-03,21.2083333333333
2016-12-04,18.9
2016-12-05,18.6363636363636
2016-12-06,18.5384615384615
2016-12-07,18.25
2016-12-08,16.9
2016-12-09,19.4166666666667
2016-12-10,16.4444444444444
2016-12-11,20.0416666666667
2016-12-12,19.9090909090909
2016-12-13,19.05
2016-12-14,18.5555555555556
2016-12-15,18.1666666666667
2016-12-16,15.8333333333333
2016-12-17,17.5
2016-12-18,16.0833333333333
2016-12-19,17.8571428571429
2016-12-20,19.8
2016-12-21,18.05
2016-12-22,17.2857142857143
2016-12-23,15.55
2016-12-24,17.3181818181818
2016-12-25,14
2016-12-26,17.1428571428571
2016-12-27,16.85
2016-12-28,17.2173913043478
2016-12-29,15.2380952380952
2016-12-30,14.0952380952381
2016-12-31,15.0526315789474
2017-01-01,10
